"from","to","transaction_id","date","amount"
"974516","245203","181949","1995-07-06","862569000"
"732850","899642","335426","1983-06-21","401346000"
"594302","387049","479700","2010-01-12","803994000"
"765839","999819","453428","1989-10-03","431744000"
"885514","362739","266670","2015-02-01","171116000"
"484268","218264","293346","1992-05-17","989384000"
"695429","467646","673583","2006-05-28","262622000"
"135065","739465","441614","1980-02-04","270127000"
"561166","256787","881351","1992-02-17","458467000"
"887285","255185","106148","2020-01-30","204259000"
"886645","772193","577751","1979-03-25","670626000"
"891550","217545","279576","2001-11-14","283998000"
"747312","344687","959176","1981-04-15","152510000"
"197511","859838","980592","1987-03-31","996846000"
"428631","767844","339101","2007-01-24","982122000"
"816658","593810","391059","1991-06-11","510747000"
"507357","327227","691016","1978-05-07","982144000"
"937470","314418","123878","1992-01-09","654846000"
"982066","374146","291405","1986-03-24","989070000"
"997507","507975","422909","1971-08-24","595969000"
"879195","613630","352686","2014-06-20","209990000"
"106399","761763","895316","2013-01-13","395354000"
"394061","824897","909784","1984-10-03","603594000"
"189757","444925","805265","1990-09-23","841122000"
"869736","149024","499577","1978-07-30","457473000"
"823843","598835","487742","2007-12-20","460295000"
"791473","366862","575365","1978-07-03","356791000"
"785572","180471","536738","1976-10-07","60254000"
"677419","406227","454802","1994-10-20","826106000"
"317060","932179","188350","2009-02-07","17725000"
"424725","274139","505547","2017-01-28","850867000"
"911619","725162","992978","1971-12-25","789003000"
"341354","198746","834046","2004-04-29","766051000"
"148545","834114","533650","2010-04-27","964234000"
"905204","396389","823780","1986-01-29","905714000"
"976265","683866","372471","2012-12-21","291503000"
"575402","766099","303742","1974-04-06","665975000"
"195609","209532","541442","2003-12-26","889426000"
"128388","589702","894485","1976-12-21","521142000"
"507535","930355","176185","1989-12-02","782812000"
"959000","368671","939468","1975-05-25","32677000"
"271873","788923","168271","2012-09-20","379354000"
"906343","753632","600291","2012-02-22","3924000"
"279901","831896","718084","2005-03-10","626967000"
"250291","585831","753165","1979-11-13","799114000"
"537529","826657","166705","1995-01-02","210367000"
"885218","514608","699920","1973-08-19","975045000"
"190533","428494","296547","1978-02-13","366030000"
"324286","235219","609501","2004-09-07","656172000"
"708785","504901","336802","1989-04-23","642005000"
"616405","306347","206606","1979-12-06","868720000"
"984158","355234","352985","1972-12-01","267020000"
"989350","987797","482421","1996-07-22","532232000"
"953492","935927","192122","2018-08-30","908988000"
"333431","499969","419425","1986-12-18","216678000"
"149350","598070","101112","1991-06-07","983107000"
"611215","700433","446590","2018-09-08","997216000"
"664258","759833","385134","1980-05-14","755633000"
"710821","200505","859375","1990-09-06","488108000"
"635429","950463","433698","2020-12-08","759012000"
"192999","874652","444204","1980-06-02","235990000"
"832429","507760","577401","1979-05-12","826767000"
"425186","482390","727483","2011-05-07","907533000"
"909370","850808","938736","1975-01-20","826072000"
"177290","181074","433574","1984-05-16","667608000"
"562289","433329","283111","1992-07-15","850339000"
"954345","294634","375953","1971-03-16","358436000"
"410723","797022","388176","1971-08-24","673901000"
"531808","815252","158462","1985-02-18","126687000"
"913552","235014","275829","2007-06-17","992692000"
"717041","175459","542735","1971-04-10","326776000"
"413939","270954","342462","2000-04-18","470151000"
"930752","644293","179439","1971-04-30","765406000"
"278337","318773","183487","1974-11-07","501378000"
"264038","942866","203902","1983-06-22","483442000"
"860726","949010","778308","2018-01-11","60081000"
"745464","751360","446525","1978-01-22","752745000"
"370357","705473","944432","1987-02-11","568992000"
"168547","329202","374234","2007-12-17","569763000"
"219938","419790","138203","2008-09-17","880231000"
"453179","756549","705969","2008-11-22","896849000"
"985474","818401","486826","2006-01-13","772687000"
"896955","357246","813913","2016-03-08","106291000"
"348705","833036","506904","2002-05-13","961171000"
"943700","729123","255120","1989-08-29","790831000"
"813112","166865","119487","2009-07-31","588163000"
"870669","637566","239954","1980-11-20","458089000"
"666272","351619","274987","2019-03-06","785747000"
"173956","163435","469221","1985-09-09","53428000"
"536115","449177","304564","2018-06-07","836516000"
"428069","418844","685192","2014-04-23","248851000"
"417010","594767","951802","1996-05-22","277148000"
"866150","108280","416436","2017-08-17","984256000"
"676945","393114","630765","2014-03-23","820045000"
"866502","508406","171544","2010-11-27","167835000"
"620629","292218","527820","2005-08-25","156865000"
"146654","839035","253499","2001-05-01","338459000"
"341090","909494","294933","1980-01-27","540322000"
"456562","520180","953220","2013-10-03","508507000"
"694132","411753","520510","1973-06-27","320822000"
"495950","585763","201664","1974-07-15","921663000"
"616975","895079","565233","2016-12-25","131560000"
"111924","440067","636219","2000-04-19","422538000"
"405515","363488","156453","1977-01-21","52550000"
"620772","452117","521984","1983-08-28","448587000"
"812790","237571","909677","2009-03-11","134113000"
"378002","755540","778148","2014-09-24","605798000"
"433041","327360","680254","2016-06-23","573292000"
"974990","547506","333938","1982-02-21","381975000"
"145487","213819","520787","1980-04-12","879285000"
"336651","166799","906432","1977-05-14","870328000"
"653597","177176","232764","2019-11-03","28312000"
"437582","504093","992734","1989-03-13","425049000"
"603770","318516","373593","1983-05-24","877571000"
"638335","693034","869632","2000-10-31","571364000"
"886915","750391","861026","2020-08-06","583713000"
"973796","101829","535430","2013-02-16","31907000"
"603905","549673","193798","1976-05-14","570592000"
"593229","932687","871997","1976-06-10","340308000"
"941567","235400","978609","2019-02-12","387042000"
"459403","912891","102781","2009-03-05","212671000"
"759135","529755","807443","2012-09-08","400224000"
"214880","516836","616104","2015-01-03","502861000"
"528000","410829","119087","1978-07-31","241769000"
"494361","726133","373610","2007-03-27","455270000"
"281688","999036","459312","1994-09-30","763212000"
"736513","977842","471442","2017-09-15","556590000"
"520042","144300","338202","1976-06-10","367936000"
"127599","367478","544819","2010-05-01","815589000"
"622499","673211","170029","2015-10-26","276305000"
"942226","641735","298332","1995-07-24","906528000"
"126705","577369","125003","1997-06-13","765868000"
"162658","674936","658026","2020-05-02","705334000"
"514878","407055","273768","2018-11-25","342477000"
"676566","168365","396108","1978-02-07","36692000"
"883659","473404","937487","1990-10-28","113095000"
"554785","627219","354529","1975-09-26","681037000"
"791958","757274","233586","2010-01-19","834960000"
"482237","150272","283547","1974-02-23","338236000"
"871649","798274","451050","2005-06-07","263457000"
"874491","241219","693911","2000-09-08","272469000"
"471352","371225","228147","1978-07-28","916443000"
"357988","324507","334547","1989-08-10","11233000"
"672305","621218","827709","1987-03-16","864441000"
"640464","602043","909878","2016-06-14","177295000"
"741288","845807","292024","2017-10-26","525197000"
"960039","551922","435857","1994-12-27","613991000"
"154553","683608","348796","1984-05-04","954324000"
"859839","326425","591316","1979-11-09","342405000"
"823822","206971","284518","1983-07-08","156096000"
"349204","860202","170941","2000-11-17","451978000"
"338377","444632","672586","2013-06-10","939301000"
"134947","945496","365280","2000-04-11","606293000"
"516211","748543","291413","1990-09-04","935926000"
"383760","249502","184090","1971-06-05","75206000"
"609474","420648","411825","1998-11-20","866619000"
"641128","588072","659453","2004-03-13","270758000"
"764795","600254","978780","1985-08-15","142838000"
"966036","800471","591933","1992-02-27","876798000"
"482976","714201","465039","1985-02-15","20295000"
"104251","295180","877730","2017-06-02","294063000"
"565255","423828","859406","1999-09-09","379618000"
"725100","209898","954322","1973-04-18","931730000"
"423379","824084","298976","2009-01-11","819334000"
"629672","427426","750417","1981-06-16","340960000"
"775380","598048","421090","2009-06-12","784102000"
"900369","903919","723153","2008-12-28","63655000"
"842085","327215","452036","1981-11-06","589195000"
"413851","487880","832022","1978-09-19","235181000"
"648601","479622","158033","2003-09-04","646191000"
"649189","907268","138866","1971-11-29","752623000"
"600254","842595","703764","2007-05-13","813921000"
"238221","310625","401161","1973-05-23","312323000"
"189800","305631","533739","2002-08-17","818557000"
"912518","687997","690621","2007-04-22","402022000"
"566248","403604","116927","2020-06-27","640163000"
"274899","389759","113192","2008-02-11","271323000"
"964170","651645","431110","2011-07-05","435987000"
"665321","747745","444603","2015-03-28","384363000"
"281592","898261","550053","1978-07-08","890746000"
"595712","849995","135267","2005-11-25","856429000"
"802320","453464","234157","1992-02-20","353658000"
"983574","726889","585690","1992-12-03","352248000"
"171195","700890","295129","1975-03-22","286721000"
"865320","256168","316672","1985-11-10","517834000"
"596825","475321","206526","1998-01-20","35609000"
"376080","828719","641535","2020-09-28","78824000"
"703507","977693","506240","2019-09-30","307431000"
"391867","562538","291174","1996-06-05","830947000"
"411753","653412","396437","1988-05-26","627944000"
"495226","511819","685662","1991-03-19","704819000"
"634213","680251","579478","1989-10-25","448971000"
"642768","505422","212465","1998-11-09","159295000"
"740529","971817","749674","2010-11-21","644483000"
"987653","852172","635746","2020-08-12","474849000"
"103187","710134","870251","2010-04-14","688689000"
"181210","907790","982660","2014-07-19","408334000"
"856714","322125","142924","2012-02-29","37981000"
"148208","430487","651543","2009-11-03","130336000"
"351304","411146","950854","2002-06-08","176538000"
"663035","728514","556341","1988-06-30","999017000"
"611339","395418","706719","2013-12-21","800796000"
"145613","743713","126335","1996-12-21","151897000"
"352992","817410","771427","1999-07-10","846157000"
"823062","244196","554986","1992-09-28","958989000"
"369884","548730","952650","1974-01-13","616408000"
"319958","510069","958435","1977-05-25","678803000"
"645020","144758","400267","2012-03-16","116438000"
"378975","695856","370921","2019-03-05","511618000"
"849497","608295","831687","1977-05-08","914471000"
"485334","355005","661551","1985-05-20","246815000"
"859716","769938","954110","2017-08-24","879024000"
"127190","629116","208119","2004-09-19","182683000"
"245568","248503","425835","2002-04-18","438067000"
"904154","535821","744537","1998-12-09","567646000"
"952839","748540","244830","2007-10-06","166458000"
"218170","402754","450810","2013-12-23","599710000"
"336037","377792","893977","1996-04-04","424358000"
"252731","131795","958132","2010-06-30","492851000"
"581868","563366","631924","1981-08-07","510348000"
"873317","381507","916353","2005-02-11","105524000"
"724893","515322","915264","2010-06-18","299927000"
"394693","954585","469042","1988-12-23","965425000"
"436578","290077","605483","2000-12-05","721846000"
"310680","709435","689597","1995-11-17","618559000"
"973223","762909","572552","2000-07-21","617817000"
"664818","629404","312708","1978-05-14","2448000"
"534539","944682","628343","2019-05-29","240022000"
"785421","237100","599447","1997-06-23","702722000"
"753309","381716","817816","2017-10-23","737512000"
"156962","320617","519184","2004-04-25","541598000"
"426268","911690","838341","1976-11-14","580308000"
"134477","761763","753411","1986-09-18","546595000"
"106276","129987","357616","1996-06-16","766341000"
"569930","603926","337088","2004-11-27","514401000"
"765965","858714","791767","1979-02-14","960216000"
"427215","994718","603479","1999-07-25","805022000"
"361129","400402","876739","2017-08-10","669380000"
"760713","907747","265922","2010-06-29","789734000"
"311952","875998","947520","1992-03-10","188946000"
"551089","710393","636399","2015-08-29","337681000"
"428890","951709","187409","1990-11-27","900832000"
"397880","339860","119968","2009-05-03","749635000"
"956667","544197","714596","2019-09-13","62234000"
"575402","488748","323344","1991-09-10","407439000"
"236929","139142","937625","1998-02-05","140043000"
"224494","609286","920349","1975-10-31","283678000"
"648709","635040","900702","1993-12-05","406713000"
"357146","156962","600088","1995-08-31","21286000"
"854845","395876","120442","1980-06-28","784745000"
"499723","177901","739840","2007-11-23","708894000"
"729194","208082","980715","1981-07-04","983893000"
"284503","148088","528817","1991-05-02","753452000"
"385919","734042","308901","1977-10-21","9478000"
"603467","739007","323259","2004-09-20","864075000"
"898884","555243","104617","2003-08-10","158187000"
"674886","274213","574326","1976-02-21","784943000"
"533773","446105","455080","1996-10-21","275929000"
"357882","214081","616432","2000-02-28","864097000"
"198318","552287","308054","1998-01-25","374380000"
"318247","647968","328939","1989-01-27","667603000"
"314408","564567","211143","1995-10-12","699801000"
"881593","605978","403120","1981-12-03","283739000"
"952242","528285","327597","1999-03-28","937306000"
"412157","592569","643439","1988-05-08","453248000"
"134513","708310","308385","2017-08-30","611217000"
"255117","360396","690631","1984-12-18","667490000"
"926065","286390","467590","1980-05-20","87794000"
"378765","550078","667594","2005-04-30","379525000"
"894746","685530","319577","1996-02-26","107295000"
"672398","238363","372986","1971-01-20","556976000"
"219248","842609","609404","2008-04-24","878303000"
"923551","926754","298270","2018-01-12","259098000"
"597230","258574","647027","1983-01-31","433203000"
"946850","974590","256504","1983-12-21","819444000"
"150498","435982","252530","2016-06-27","209273000"
"869495","443498","571586","1981-04-03","696066000"
"542296","119369","663030","1993-11-25","331302000"
"793659","120856","677537","1979-05-06","845065000"
"209611","652152","938753","1971-02-06","798844000"
"163499","596234","359942","1999-11-08","206863000"
"501691","805225","231987","1979-01-16","767625000"
"150144","325898","964813","1976-10-18","926523000"
"449451","105743","487385","2003-09-20","198541000"
"568977","377578","876534","1994-02-17","300917000"
"325985","160493","770306","2005-04-08","309131000"
"402805","655682","100716","1995-06-26","136176000"
"679866","619838","105138","1985-03-09","339977000"
"825062","980987","112239","2016-12-25","105142000"
"888099","200484","860940","2015-08-09","479320000"
"651425","602287","584743","2002-12-16","782745000"
"612737","419701","945610","2018-04-13","569067000"
"418623","375734","998712","1988-01-27","980970000"
"515337","994718","574171","1984-11-04","106774000"
"116610","491090","823288","1972-11-12","583829000"
"216151","751402","695849","1995-07-26","80899000"
"945275","849180","124471","2003-01-25","558323000"
"657722","904921","842937","1993-06-20","637080000"
"554764","872255","294684","1977-01-06","150901000"
"646787","392626","777887","1981-04-02","900366000"
"760077","167877","194430","1990-05-18","41858000"
"958937","602213","259043","2006-05-01","996239000"
"669135","228913","722959","1990-12-31","438082000"
"388867","228226","542088","1997-07-10","234164000"
"670248","959895","912612","2000-08-07","763794000"
"221580","433329","524395","1972-02-09","662251000"
"592838","104983","744054","1986-01-18","385768000"
"487246","394689","812640","1983-03-07","612578000"
"640925","158157","166834","1998-09-30","599462000"
"952373","926026","536575","1977-07-27","286535000"
"241431","825565","721485","1995-05-22","431890000"
"305531","616808","264085","1983-02-04","606758000"
"268323","825993","215348","1988-03-25","701900000"
"185383","201135","194205","1981-03-04","377960000"
"687570","651772","164765","2001-07-07","260529000"
"199549","664343","911439","1980-05-04","546108000"
"412238","244652","336192","2017-11-04","386366000"
"629043","722632","598291","1971-04-13","672119000"
"326913","400765","606195","1995-11-23","498006000"
"225908","720980","877807","1987-05-18","242326000"
"134513","856806","404044","2017-07-19","869042000"
"435579","136024","492210","2005-10-17","903766000"
"872949","376701","124273","1987-08-05","139303000"
"634054","712044","605595","1989-02-03","935410000"
"923605","997949","527342","2008-10-10","867003000"
"645647","883659","267039","1976-11-14","626085000"
"489058","527182","750945","2020-04-15","541482000"
"246956","540641","606189","2009-04-19","735939000"
"262996","770777","993585","1976-10-27","182695000"
"168569","170509","526593","1980-02-19","847367000"
"878374","900365","391046","1974-05-21","455785000"
"245089","483791","478438","2016-03-15","380141000"
"670883","498812","337017","1990-05-15","493132000"
"268348","719927","655299","1982-02-11","714078000"
"434096","621105","954369","1989-11-08","861171000"
"691505","827231","570005","1983-07-09","842911000"
"865248","543142","486646","1980-05-27","472887000"
"493372","793318","841418","1994-04-26","515357000"
"359203","918580","753213","1992-01-15","89701000"
"782409","193022","414705","1981-06-26","706226000"
"323632","872255","719737","2011-07-27","687543000"
"355519","222413","692171","1991-11-18","39950000"
"979042","891791","317208","2019-07-08","246365000"
"769639","411666","414528","2020-03-14","98037000"
"572318","599759","814333","2012-12-25","92253000"
"535590","551246","929668","2015-01-28","250372000"
"551625","580573","856960","1998-11-23","111113000"
"995355","278954","825823","2009-07-26","196211000"
"800832","219486","925060","2020-11-09","738879000"
"902875","756527","689810","2000-02-12","689780000"
"293669","753236","824445","2017-02-18","402897000"
"513600","951868","504366","2016-03-15","950565000"
"374942","470253","847112","1973-08-07","710249000"
"546569","285182","717758","1999-06-10","97997000"
"342680","648701","991717","1999-04-11","783566000"
"100209","710910","110469","1981-11-20","178223000"
"934373","754299","976974","1998-10-04","791689000"
"680887","955725","128826","2007-03-25","621235000"
"439474","954214","374386","1996-12-10","348703000"
"271562","749389","506689","2016-02-17","62069000"
"720971","719617","275849","1993-07-19","499975000"
"518575","838345","989977","2010-04-20","996783000"
"138259","755084","749587","1985-06-02","979283000"
"629479","664845","114803","1979-07-05","603226000"
"552975","792175","238629","2011-03-28","989099000"
"288611","181750","390400","1990-08-25","84609000"
"460131","399007","199283","1990-12-24","500529000"
"443022","412170","739358","1975-08-09","322984000"
"141584","866597","718833","2005-02-05","863746000"
"135980","388942","339305","1983-06-23","647358000"
"545924","255117","589736","1975-05-17","802495000"
"527504","494361","949816","1979-08-21","689809000"
"866437","926993","953724","1996-12-03","871594000"
"476177","755244","293762","1976-01-27","267763000"
"544317","238056","379094","1972-02-08","534431000"
"465252","569943","118110","1997-08-22","336388000"
"976373","108504","963343","2010-02-17","537012000"
"423376","347045","321904","2015-09-25","619568000"
"182877","586510","675347","1975-06-13","949695000"
"673292","969536","186755","1991-02-06","488452000"
"453534","534104","877583","1980-01-11","406971000"
"310916","366815","306787","1992-03-26","131908000"
"764674","954707","503284","1989-05-17","277319000"
"362085","701097","667794","2014-03-11","92668000"
"380843","951125","740457","2003-03-02","964722000"
"388419","334269","663858","1985-09-16","982698000"
"817864","603913","773344","2005-10-06","500075000"
"507557","966351","367771","1975-11-18","276167000"
"725980","431668","827160","1978-08-22","476011000"
"230198","267684","422059","1989-10-21","127649000"
"785538","646787","443766","2009-10-06","28278000"
"390535","292921","451792","2008-11-29","666536000"
"479737","797771","657048","1995-10-16","221289000"
"350538","130636","778181","2020-12-07","25213000"
"597861","452234","937958","1971-01-12","943188000"
"821725","541331","896035","2014-03-10","674482000"
"419790","872969","813939","1975-08-08","174274000"
"573598","669741","313942","1993-11-25","714990000"
"136471","696674","519929","1992-07-28","931439000"
"872864","907268","872417","2002-06-28","233209000"
"299164","754891","973507","1981-03-25","163738000"
"998580","127697","870387","2000-10-16","359259000"
"321754","798317","538838","1999-04-19","576558000"
"522919","407831","571735","1974-09-08","724172000"
"318363","877198","302781","2006-07-27","161024000"
"489125","232301","905330","2012-05-19","898799000"
"606772","101633","371805","2006-04-29","303606000"
"834995","697533","412307","2010-07-18","133920000"
"254522","692715","158316","1990-10-17","34819000"
"427027","459522","631320","1978-10-04","266806000"
"390788","393627","721083","1976-05-16","238859000"
"953949","627218","524942","2003-12-06","405407000"
"980190","236266","283769","1987-05-20","460721000"
"328882","998779","356625","1970-12-11","973385000"
"418623","787779","410606","1986-06-24","620670000"
"140140","854333","122859","1997-07-26","237559000"
"131650","692652","659675","1973-11-13","852190000"
"419508","980015","227749","2019-04-12","724741000"
"129772","101851","735366","1981-07-23","187541000"
"610040","873535","421437","1994-11-06","720477000"
"744490","992973","911962","1984-06-17","914718000"
"105771","771133","336543","1995-11-23","586643000"
"360863","843525","152578","2018-10-25","673487000"
"559531","693256","320343","2018-05-27","193962000"
"386365","154769","415397","1982-04-08","782269000"
"606688","207936","269163","2000-04-07","526846000"
"373578","863726","555827","2017-04-04","796837000"
"904229","608225","418320","1998-02-11","274858000"
"744927","465999","706060","1973-12-14","442186000"
"299561","879273","926480","1986-07-20","567000"
"760579","891126","814154","2016-09-11","107158000"
"187279","362904","687932","1984-12-22","580288000"
"434092","183467","574411","1974-03-18","305613000"
"683212","843917","543970","2015-05-19","388585000"
"891888","325953","328864","2019-07-29","283698000"
"567299","114752","113062","1986-09-23","655545000"
"151758","130226","717095","1999-11-29","430538000"
"445563","830737","277110","1974-05-30","950718000"
"335996","131362","728887","1976-02-28","475957000"
"191338","854329","911349","2002-12-18","232653000"
"988811","840912","215129","2004-03-03","713856000"
"649421","957399","987001","1987-05-10","585926000"
"848758","575848","686630","2017-08-07","572544000"
"973065","225436","755758","2004-10-05","464613000"
"274538","279820","154073","1981-10-23","5461000"
"434375","741288","710618","1997-10-19","835789000"
"789443","913195","774718","2020-03-04","523108000"
"605233","423416","753450","1982-12-29","475287000"
"895646","232661","183873","1984-05-04","856683000"
"233830","409519","231466","1977-10-11","599794000"
"519673","397256","237850","1977-02-09","563440000"
"534881","806046","960402","2018-08-22","46734000"
"569788","492240","465899","1990-11-12","233290000"
"997179","241565","437923","2000-01-18","493614000"
"327227","520791","983560","1988-01-21","112373000"
"279474","666476","481183","1971-09-01","47362000"
"980987","367730","299486","1996-07-07","632094000"
"229959","402983","565645","1989-09-12","107190000"
"896817","695403","286060","1983-07-01","8703000"
"333711","781512","763308","1973-01-26","354712000"
"216519","700949","175189","2004-08-17","802999000"
"499097","910651","290955","1977-06-20","870563000"
"765615","144938","986451","1988-05-16","636436000"
"655385","730656","568732","1980-08-21","438224000"
"222454","682234","537117","1999-03-29","118897000"
"567849","796827","256880","2003-02-01","7749000"
"344346","929556","771977","2009-05-15","755362000"
"183242","184676","615896","1990-11-30","937149000"
"848028","463433","203694","1995-05-30","555398000"
"353423","782242","532479","1991-05-15","759148000"
"963111","400287","442190","1999-08-25","120208000"
"466899","801549","506176","1978-05-26","407748000"
"482299","503483","498510","1989-05-16","890277000"
"451587","331198","669827","1989-12-03","511293000"
"184696","281688","878606","2015-04-12","328473000"
"580573","670273","740679","1989-07-30","162989000"
"925545","468742","423134","2009-04-04","771216000"
"297832","638335","804218","2009-07-29","486238000"
"547091","553464","461094","1999-09-23","238191000"
"926891","718827","208444","2007-11-27","691029000"
"111554","794177","193611","2007-04-08","173777000"
"517507","163499","229286","1996-06-11","283855000"
"286987","565858","104111","2017-06-17","675756000"
"516991","227557","911738","1996-11-18","20363000"
"921432","768978","700317","2008-03-12","292992000"
"220063","725193","623052","1995-02-04","449869000"
"496151","681333","148504","2016-09-02","115796000"
"259794","637550","362969","1979-05-24","113201000"
"670877","752122","796407","2018-02-27","499458000"
"996665","420457","159019","2011-06-18","912168000"
"487880","898792","750450","2016-09-01","235726000"
"416963","510639","151615","1971-04-22","264540000"
"843349","843898","146720","1978-07-16","852333000"
"735665","710341","962881","1970-10-07","549209000"
"488523","799043","308855","1975-05-04","235063000"
"759906","758592","847022","1978-04-28","188610000"
"578397","271940","713486","2002-12-24","94932000"
"106945","423256","532100","2019-03-28","139394000"
"450358","161699","654831","2010-05-26","309709000"
"814050","623321","703720","1987-08-05","720430000"
"893902","654452","336674","1983-12-30","957640000"
"449335","898815","362361","1980-07-18","678744000"
"426692","213897","754654","1990-06-14","698040000"
"605541","558545","479582","2000-09-23","611994000"
"160059","212664","217192","1981-11-26","32705000"
"736020","241040","334896","2001-01-25","493367000"
"431268","996493","805840","2019-03-14","98542000"
"910422","227635","818064","2010-07-03","714675000"
"879792","256643","502857","2006-06-18","561896000"
"881036","331629","482577","2013-10-28","827639000"
"218254","365738","667490","2010-03-06","807071000"
"633056","937308","921844","1989-12-18","358622000"
"584501","970872","246253","2014-01-11","554739000"
"319811","991247","243172","1995-04-16","212310000"
"548640","904414","107591","2016-11-14","150378000"
"895646","637566","788873","2002-10-28","188232000"
"852716","428501","455420","1992-04-06","243029000"
"411511","413939","947221","2010-12-21","514343000"
"428069","862316","510914","1973-08-17","297314000"
"375567","696808","540193","2013-08-18","348274000"
"787798","275696","960172","1985-06-23","69831000"
"190348","213797","122986","1993-09-11","399254000"
"100417","348406","802605","1972-07-02","303245000"
"205449","998127","948992","1989-07-26","898224000"
"626662","626189","205545","1985-09-19","126372000"
"409683","562968","504290","2017-01-13","53112000"
"186158","684144","802673","1977-10-25","15367000"
"307057","688853","408613","1972-03-23","88812000"
"554765","618823","124609","2017-12-03","400410000"
"266037","191074","785783","1984-11-26","767285000"
"544558","679468","340351","1991-08-27","758132000"
"427855","150492","100856","1984-01-14","124880000"
"494985","159188","861406","1993-12-31","510219000"
"935989","416795","878566","1994-04-16","55012000"
"337389","881345","941097","1972-06-11","662584000"
"401377","653204","391120","1977-06-23","900417000"
"965887","173907","714080","2004-04-20","10454000"
"210258","564885","300681","2005-03-06","511379000"
"309414","306329","660691","2005-12-24","208662000"
"450815","425672","728777","2015-08-12","887813000"
"418633","363288","711366","2009-03-15","46888000"
"757217","648228","406891","1998-10-02","830073000"
"318893","790015","570714","1987-04-06","896245000"
"191193","909880","322473","2013-02-11","114854000"
"451244","887812","704307","2012-08-28","883706000"
"951856","333464","881593","1992-08-28","369814000"
"564783","391211","331864","1994-06-19","440183000"
"568847","561062","356921","1987-09-09","602285000"
"871808","716544","291211","2001-08-15","162207000"
"900092","750092","474202","1983-11-12","474610000"
"204265","100887","989098","1981-10-19","138973000"
"793644","622105","283588","1973-02-11","811316000"
"126626","763857","796439","2009-01-13","648688000"
"164379","653509","885423","1989-02-22","660565000"
"998808","188435","904349","1978-08-31","96664000"
"335996","930854","163927","1988-09-17","32996000"
"950786","343433","858905","1970-12-27","239314000"
"390941","693594","735306","1987-06-06","383593000"
"969630","273454","241469","2002-01-21","660695000"
"310916","764006","211527","1997-11-15","293982000"
"288611","785771","489497","1970-11-06","996151000"
"265132","310476","375883","1976-04-04","465282000"
"315247","150074","831555","1975-03-10","113542000"
"413113","758336","641860","1976-01-25","572462000"
"980015","858315","867077","2006-06-10","694498000"
"646058","413758","633957","2008-02-22","459824000"
"295497","728698","433431","1983-12-14","358552000"
"485334","560091","206877","2000-08-15","715695000"
"369847","903540","591166","1998-06-12","177680000"
"383473","585511","536607","1971-09-06","480129000"
"804754","938742","865729","1993-08-03","818686000"
"435831","417538","637757","2016-09-29","31964000"
"322853","116840","846649","2003-03-25","770698000"
"773755","479726","319602","1971-01-23","358722000"
"693594","947512","904852","1995-02-03","623708000"
"558569","768189","797729","2007-01-31","357286000"
"957170","951860","795226","2002-09-19","162970000"
"678209","428045","218618","2011-08-24","517741000"
"901942","271078","514580","1988-09-09","20353000"
"258637","265031","953677","1972-11-16","721654000"
"855339","602908","607677","2014-05-20","888874000"
"666060","485160","896598","1982-09-12","338056000"
"769639","797734","395502","2017-07-25","553337000"
"816658","473671","371246","2013-01-21","316211000"
"392579","231885","532122","1998-01-09","892961000"
"161340","788931","261138","2015-08-23","792513000"
"148665","112666","712130","1979-03-08","700964000"
"905819","698747","921819","1989-01-16","705853000"
"676088","515340","806844","1982-05-16","11196000"
"538303","550414","631183","2011-04-27","622931000"
"373858","349325","832501","2003-07-30","992043000"
"627907","900362","922384","2000-12-15","582966000"
"917402","803976","876394","1991-11-11","901199000"
"489327","789645","665319","2015-09-20","912028000"
"162164","680376","545845","2002-03-06","404703000"
"162658","298594","404140","1980-12-24","973813000"
"410307","250702","150586","1970-02-22","359784000"
"375821","834036","147507","1982-03-13","784930000"
"675539","296235","712899","1972-08-02","831213000"
"410042","850317","782193","2004-09-08","850449000"
"897627","462022","537251","1982-06-30","859754000"
"359365","434778","961427","1998-11-14","819011000"
"151745","862262","394327","2020-01-27","724749000"
"495250","707952","639451","1981-05-30","998272000"
"875855","631239","953073","2000-05-29","729450000"
"523219","370936","845863","1994-04-05","866184000"
"635937","712181","398103","2001-07-10","590112000"
"315811","590024","253037","1997-06-04","928236000"
"705576","356884","455260","2016-08-29","86969000"
"916459","649533","387829","1986-01-07","825098000"
"779592","159485","375878","1988-04-01","621801000"
"228514","933549","802833","2013-04-20","215487000"
"432969","337232","721034","2001-10-01","729528000"
"314614","950814","866171","1971-04-25","515300000"
"975965","305279","577670","2019-07-02","938382000"
"584501","793118","756409","1982-03-13","878516000"
"606274","902443","178570","2007-06-26","762479000"
"227128","506541","709244","1999-10-11","897820000"
"941370","871831","633599","1986-12-13","139038000"
"783981","861037","938492","1990-11-26","374911000"
"945746","417953","423570","2013-05-23","448320000"
"211544","480785","279483","1980-05-16","1036000"
"915541","364289","475095","1994-02-15","216950000"
"624631","970401","676246","1975-12-03","374296000"
"227540","527930","545428","2012-02-24","385630000"
"506857","532420","868555","1978-02-22","350874000"
"497538","462130","818732","2002-04-26","402166000"
"806610","975617","796302","1970-06-22","226522000"
"278041","716734","880398","2014-06-28","637665000"
"357015","305157","197602","1990-12-16","550326000"
"867529","150992","533454","1989-08-22","738984000"
"586064","473870","703827","2004-03-30","156000000"
"302115","499637","269025","2015-11-20","204899000"
"622410","384348","474870","2012-09-16","911768000"
"700261","290622","265827","1974-08-12","861581000"
"192888","713929","615991","1977-03-02","236411000"
"804070","968528","471586","2007-12-16","488220000"
"522236","362813","684769","1973-12-10","407553000"
"316038","115502","200406","1978-11-26","195315000"
"432349","551622","922418","2010-05-21","297389000"
"426381","472954","171562","2014-03-28","414627000"
"418517","500741","930420","1988-09-07","10311000"
"655448","619351","114592","2000-04-10","386038000"
"652597","648640","579010","1988-03-07","156942000"
"471832","658447","619516","1990-11-26","76347000"
"751360","424099","567661","2005-07-14","833871000"
"602278","730656","972303","1973-01-22","876761000"
"472079","735755","207354","1996-03-14","75508000"
"889638","326891","190777","1986-05-09","154127000"
"921000","673292","734772","2007-09-21","811378000"
"566788","888675","740153","2006-10-15","757383000"
"922358","671053","880145","2014-06-24","513112000"
"575098","616169","781494","2013-08-30","735151000"
"303372","780724","355469","2015-04-11","491576000"
"479829","888422","367465","2001-02-13","122244000"
"312256","439733","600288","1993-06-29","679601000"
"866415","669426","365643","1988-01-14","923471000"
"334451","697136","268443","2015-09-17","606722000"
"502418","504362","868181","1972-12-06","934980000"
"558393","829363","464756","1993-09-28","166759000"
"684379","790738","141943","1971-10-18","926367000"
"982941","961829","456357","1972-02-25","278860000"
"338937","186405","477140","1998-03-03","339685000"
"203743","600820","704772","1989-05-22","931096000"
"591458","658490","873853","1999-02-27","61077000"
"667075","990354","432900","1988-10-11","929879000"
"366238","498503","450461","1997-05-04","767592000"
"654718","920898","266992","2008-04-16","413871000"
"940447","738502","701506","1997-07-08","93197000"
"189432","791242","922105","1999-06-12","434576000"
"659647","273948","789298","2009-12-11","539206000"
"934412","815561","778749","1991-08-15","445046000"
"500979","643550","133982","2011-12-27","736901000"
"395163","737950","850682","1999-07-06","995711000"
"601695","500604","849308","1977-11-22","629259000"
"693677","455725","832828","2014-11-18","209030000"
"732875","653150","916281","1977-09-20","976196000"
"537902","459456","879768","1981-08-31","958271000"
"754891","514566","867800","1973-07-30","621520000"
"651755","294020","467139","2019-11-29","581281000"
"243972","874453","674965","2011-12-23","581255000"
"975232","794122","379832","1993-03-06","999200000"
"145543","631947","282498","1974-06-18","905325000"
"719276","424090","668443","1970-08-28","24691000"
"947338","997507","863838","2000-12-08","508202000"
"361296","522763","575842","1983-02-21","330705000"
"551065","888125","284575","1993-09-06","440869000"
"150272","551269","214322","1981-08-27","94152000"
"184771","411087","486595","1972-08-19","607339000"
"990599","639103","677475","1974-05-05","785490000"
"246883","999077","197599","1992-01-05","9681000"
"473039","757389","771683","1982-03-17","525309000"
"465343","435010","164450","1986-02-15","350291000"
"279117","910877","636159","2008-10-04","835836000"
"121896","243016","370366","1984-09-24","301230000"
"545924","705727","664683","2007-07-03","41279000"
"254087","219192","994833","2000-06-05","712803000"
"546631","421572","475036","1987-08-14","435669000"
"461788","190942","138903","1990-10-05","539931000"
"636307","348088","935905","2001-10-18","206676000"
"701361","972921","340681","1970-10-28","407950000"
"579609","442367","765529","1996-09-06","419250000"
"225656","523110","750044","2009-11-23","521857000"
"860390","448130","377228","1984-09-22","961277000"
"376349","799737","484243","1986-09-12","400609000"
"866597","601703","382462","1997-01-27","824696000"
"907242","192585","126818","2018-03-05","831805000"
"444120","315306","833683","1982-05-09","658984000"
"754639","818739","929147","2006-07-30","774545000"
"109118","380488","438862","1979-04-06","803623000"
"794880","238020","350123","1979-12-07","84119000"
"824175","560932","461549","2017-08-14","588320000"
"390005","213778","207092","1980-03-04","541716000"
"849406","132586","197318","2001-03-13","785886000"
"877189","643550","579144","2019-08-27","377343000"
"710202","649555","927954","1980-05-20","829192000"
"846721","514424","993590","2000-05-15","439244000"
"302948","951921","967306","1970-10-25","180071000"
"248855","768456","893667","2002-08-02","240886000"
"469310","358067","857663","1997-03-23","724279000"
"836900","210248","833868","2013-12-29","486929000"
"519815","956583","662493","2020-05-28","725820000"
"730368","186277","273086","1973-07-10","677088000"
"314618","512034","608318","1992-12-22","249227000"
"763688","959535","584029","2000-08-31","676299000"
"797870","494309","936492","2012-04-08","683137000"
"824463","346688","270702","1989-06-07","131813000"
"429554","814562","533991","1986-09-17","521796000"
"277383","503487","439199","2016-06-04","131208000"
"358207","938973","604098","2019-06-27","329050000"
"259794","147177","379760","1994-01-02","606098000"
"245510","118198","786681","2015-04-03","320187000"
"596467","979984","807498","2020-07-21","612737000"
"963703","583844","455624","1983-11-25","347833000"
"735755","215384","245470","1987-04-12","195842000"
"689629","825040","234100","1992-08-25","91318000"
"296235","545520","258380","1996-03-11","754857000"
"169484","352268","231278","2017-05-28","208521000"
"329644","846387","499254","1972-06-22","464079000"
"723968","490647","482443","1994-07-29","682033000"
"480785","700453","675653","1980-05-30","527521000"
"279021","244955","760253","1979-12-26","989318000"
"114057","918973","317763","1974-11-02","249350000"
"802490","979932","659071","1977-05-13","636895000"
"112732","454419","331643","2001-11-11","486411000"
"933848","684191","156560","1992-05-04","27923000"
"839301","362318","813588","2014-12-18","361205000"
"687950","290841","513952","2010-04-20","128008000"
"293050","110641","439334","1981-11-02","418230000"
"552108","654891","249214","1998-04-29","509019000"
"762718","894296","850945","2008-02-11","360347000"
"700890","309300","295948","1971-07-27","183529000"
"692959","905571","694002","1994-12-29","797291000"
"233447","297593","822285","2006-12-14","236197000"
"942029","562977","541489","2002-01-08","574918000"
"264401","727659","151844","2001-05-18","5354000"
"305963","229344","857396","1999-04-13","284298000"
"620531","415148","757842","1980-06-01","285681000"
"693577","451810","672708","2009-02-23","977351000"
"385910","866318","821396","1973-11-28","593687000"
"693594","571527","984124","1978-06-19","38992000"
"632136","836160","743401","1987-11-15","261254000"
"471316","498073","983461","1983-09-11","568963000"
"705473","863286","443142","2003-05-19","665413000"
"696625","779084","637103","2015-12-11","947000000"
"715746","586398","511477","1972-03-15","189337000"
"774593","219715","166866","2015-06-15","342749000"
"383918","369884","468263","1972-06-13","633224000"
"647790","566326","683958","2008-07-27","353796000"
"436185","962229","988375","1988-05-05","482287000"
"316916","412478","728029","1999-10-30","887864000"
"137779","728557","827107","2009-07-06","235820000"
"104817","865102","712728","2006-06-28","675749000"
"571641","446898","373411","1975-04-17","767420000"
"469370","903793","727133","2002-02-13","9484000"
"890315","736513","462953","1976-03-23","975758000"
"381349","965531","679892","1999-01-11","764279000"
"489988","865334","885359","1971-07-20","764209000"
"705852","986893","282103","2016-02-02","180441000"
"730001","923692","692075","2000-04-14","2877000"
"957798","640839","490373","1974-11-15","357115000"
"344918","828041","578436","1973-04-25","374451000"
"428207","960809","955356","2015-06-22","907591000"
"215767","132861","722629","2001-06-14","922420000"
"164499","975829","586847","1986-09-27","109711000"
"503597","647584","262381","2006-06-03","535984000"
"486839","553601","576907","1989-01-11","305603000"
"411469","257265","942653","1999-02-04","434809000"
"992030","139142","950719","1991-01-01","475138000"
"292152","386938","497061","2013-04-14","559924000"
"210297","870892","858515","2016-02-17","146800000"
"532706","107590","214434","1979-03-09","565471000"
"722594","513136","807472","2004-02-12","265684000"
"269053","156613","486223","1999-03-13","182436000"
"281784","105720","432632","2012-07-26","380210000"
"244665","175622","324491","1974-12-22","504427000"
"311392","241981","706993","2013-01-06","971021000"
"514118","174573","163872","2020-02-21","663576000"
"300723","754998","284213","1978-03-14","16193000"
"286904","573520","332670","1981-12-04","297794000"
"969162","583913","656007","1970-04-18","790978000"
"867837","426833","740213","2011-06-10","542750000"
"551597","637147","530050","1976-08-31","362584000"
"601660","901982","646829","1995-11-17","472425000"
"172028","888102","657983","2012-03-06","184599000"
"506925","898077","179056","1975-06-28","491020000"
"685636","905282","918371","1999-07-07","121595000"
"240225","812866","725899","2011-06-19","926102000"
"568017","853813","176778","1996-01-10","313109000"
"814606","159866","232264","1979-06-06","871952000"
"160393","102622","409300","2001-06-13","231126000"
"516179","131863","389845","1971-11-30","50543000"
"509620","345370","465931","1997-06-15","833307000"
"966126","743705","225244","2006-04-04","25480000"
"973065","237901","972717","2012-12-11","756588000"
"329786","516138","316115","1984-08-06","538571000"
"326484","638756","331185","2003-07-20","275491000"
"163474","596116","213830","2003-08-16","379267000"
"141947","867918","385593","1971-05-02","920043000"
"737607","341890","666689","2010-09-25","189195000"
"794327","559084","309918","1970-01-14","736676000"
"411120","181934","962935","1979-06-09","196759000"
"303034","912210","809954","1988-02-15","549982000"
"718277","770655","700573","2009-04-08","974651000"
"283143","748688","870189","2009-01-12","715900000"
"671657","329786","680965","1988-10-11","125371000"
"286601","858550","223514","1977-01-20","36426000"
"842966","322269","419346","1998-10-24","603810000"
"606062","476533","979907","2007-07-28","560197000"
"465775","943845","904934","2011-04-02","543393000"
"433882","274306","170420","1979-10-28","287429000"
"549400","713234","632882","2008-02-10","373484000"
"773430","659766","639583","2008-08-07","188296000"
"873939","778385","455804","1973-02-07","542263000"
"532885","426895","864702","1997-06-19","351372000"
"857408","103497","457860","2017-01-29","533487000"
"390941","813659","656179","2012-06-27","843674000"
"581607","797064","811775","1981-10-23","584576000"
"907939","651755","194609","1972-10-03","115415000"
"694264","549450","280424","1991-08-06","584985000"
"796139","332867","952788","1996-09-24","313949000"
"928581","899770","231734","1974-01-22","584941000"
"790657","547322","796766","2019-03-06","633131000"
"315480","724742","830698","1981-10-27","468930000"
"930427","805191","433782","1987-07-11","550248000"
"155667","896815","683516","2014-12-17","724785000"
"824054","845139","185873","1997-08-06","226769000"
"201884","956641","371348","2006-03-16","719440000"
"831432","430004","378285","1983-12-28","46549000"
"457327","985468","731948","2004-08-24","609188000"
"407959","968088","987585","1975-03-29","190671000"
"402767","136125","131525","2018-04-07","398622000"
"626320","570483","631228","1991-12-24","336332000"
"867837","802264","147484","2009-11-21","594229000"
"555627","990418","679691","1997-01-23","73722000"
"831294","904921","222053","2016-04-11","558094000"
"807000","849010","505418","1989-06-18","943656000"
"302195","970872","831319","1987-06-27","294029000"
"902875","153104","755896","1985-04-20","615268000"
"493954","116731","475037","1972-08-10","599588000"
"468570","866903","625424","2014-05-15","127784000"
"187199","123760","616186","1992-08-23","139848000"
"730273","637713","826225","1997-04-19","271790000"
"826983","251715","503790","1977-12-04","356490000"
"932773","563991","971354","2008-12-02","637425000"
"482912","972859","905522","1990-03-20","246952000"
"846637","463512","206670","1982-12-24","244595000"
"412238","459579","266312","1986-06-06","821135000"
"678466","320875","775775","1981-07-11","683887000"
"208082","734268","108083","1995-10-09","899084000"
"975885","466498","411687","2005-12-06","289803000"
"956667","771565","539605","1976-09-24","973942000"
"649579","894746","585727","1973-07-02","132338000"
"579569","571547","134350","1988-07-23","384544000"
"182640","527697","109997","1980-06-03","296079000"
"344241","688489","462392","2007-12-22","457728000"
"433043","558282","596742","2016-12-31","336569000"
"750462","524677","595218","2001-02-27","963205000"
"640879","624888","292061","2003-04-25","767888000"
"980501","893337","321937","2013-07-17","136486000"
"476033","106583","178203","1976-11-27","15267000"
"190203","611917","693297","1973-07-22","807002000"
"775622","883659","450382","1983-11-21","268015000"
"833363","355847","680250","1999-12-02","949864000"
"355634","878738","368282","1991-12-18","324307000"
"208280","186632","667897","1990-10-10","779442000"
"558738","464440","433926","1995-05-24","715098000"
"220958","208869","321063","2003-09-14","171139000"
"695645","746730","893198","1998-02-19","904805000"
"512767","460493","996092","2007-01-27","480677000"
"399098","718412","453089","1997-02-25","478048000"
"833955","677661","880823","2005-12-04","830889000"
"625073","608499","948957","2018-11-12","740111000"
"815073","442560","157931","1996-12-15","752704000"
"940514","297726","213973","1978-12-13","562828000"
"130798","858288","910632","1977-04-15","364806000"
"820876","242821","998713","1991-09-02","399406000"
"322108","688342","177958","1988-05-01","206143000"
"219689","106277","617981","1980-12-08","311602000"
"855679","367768","883711","2009-04-01","561566000"
"177109","512081","894188","1996-09-13","373395000"
"753071","360090","594727","2018-09-10","729899000"
"990959","935596","796738","1996-01-17","966028000"
"514673","288287","325187","2006-05-30","432540000"
"599929","631088","253655","1973-05-18","542122000"
"674374","647390","673058","1982-03-23","278732000"
"176822","452698","263693","1985-08-03","29371000"
"507889","451244","924986","1997-06-12","221523000"
"229936","598767","827173","1987-03-22","146129000"
"168125","853446","185231","2018-01-22","750077000"
"450615","440779","461816","1978-10-12","417971000"
"362318","772366","276074","1972-11-20","979029000"
"370916","396724","241502","2018-11-04","129682000"
"867490","344242","853880","1978-02-11","946083000"
"746345","708386","831484","1979-11-24","871189000"
"315306","633327","492806","2001-05-08","214563000"
"472705","310887","891288","2004-06-29","97815000"
"328677","536075","383241","1973-05-09","471107000"
"514175","536199","869278","2014-12-08","134953000"
"430723","152062","424326","2018-01-13","816811000"
"318878","586874","108950","1997-04-28","914162000"
"468815","983815","679328","1988-02-13","47243000"
"849871","450290","372106","2017-11-01","24406000"
"863644","939503","504106","1978-07-28","393443000"
"239132","133919","101440","1976-09-22","532569000"
"678104","642626","575573","2014-02-24","416313000"
"800500","967470","746624","1981-01-28","849891000"
"436578","433078","491350","1973-07-08","959485000"
"733338","243114","882094","2012-08-09","882607000"
"185236","798679","403269","1999-11-14","261536000"
"724698","646834","457268","2013-03-27","664407000"
"495744","531369","894114","1990-11-26","279240000"
"622499","919064","244139","1989-02-12","72113000"
"471316","677615","400937","1986-03-03","581127000"
"428451","923583","607301","1981-07-13","292294000"
"625093","268681","207422","1996-03-28","6155000"
"548730","652422","645288","2008-10-13","693964000"
"783063","446855","473083","2006-05-10","209513000"
"956336","277169","478410","1990-12-30","11078000"
"951277","231443","130412","1978-08-13","53639000"
"156336","306006","143905","2016-12-29","611477000"
"774670","290262","538267","1995-07-27","149853000"
"523978","360787","476829","1985-12-18","746350000"
"593793","510673","418004","1980-11-04","35494000"
"241253","501931","563883","1999-07-06","123406000"
"433720","639897","640527","1999-01-03","315513000"
"695563","716775","861463","1999-09-29","442674000"
"845850","672716","688812","2000-01-26","468168000"
"396763","404325","900775","1998-04-02","521111000"
"435579","357988","622517","1978-09-07","710955000"
"439562","187273","551722","2020-06-08","565290000"
"920752","663789","160681","1987-02-17","250129000"
"184454","834471","410563","2015-03-25","749167000"
"284781","932179","985053","2015-11-12","241624000"
"950891","515632","626620","1983-11-15","26613000"
"550195","447091","540236","1993-12-17","670169000"
"445266","368468","960849","2011-07-07","859846000"
"350911","179921","463791","2013-08-26","551032000"
"155544","731607","297907","1980-10-20","603279000"
"962161","711773","661346","1994-03-08","867520000"
"714222","786356","884722","2011-02-26","452619000"
"554910","594760","774594","2018-02-03","776715000"
"433815","598510","298461","2015-07-01","800761000"
"824680","934170","853545","1995-03-09","563673000"
"662081","367148","423281","2018-01-01","705588000"
"252074","390380","467675","1981-09-29","330925000"
"488752","689222","397777","1995-06-21","270436000"
"937125","667867","579692","1987-04-10","433669000"
"566255","847868","864995","1984-01-31","808147000"
"432966","110919","798569","1989-01-03","729749000"
"784715","947082","621934","2007-06-25","491366000"
"818092","937943","438915","1979-03-16","422808000"
"647918","305614","915228","2006-04-22","497767000"
"892506","471951","995737","1984-05-16","894284000"
"657735","170649","459773","1992-12-19","66221000"
"797302","822134","777056","1990-08-23","734299000"
"263921","772084","434769","1970-11-19","286888000"
"704300","371657","277387","1976-06-27","760879000"
"932105","126001","262535","2018-06-16","514465000"
"269125","208426","483997","1993-07-05","366424000"
"616725","656897","584829","1990-10-30","20971000"
"317310","602198","331252","1986-01-07","894517000"
"475408","139817","578365","2009-01-07","535409000"
"400951","535501","481107","2014-03-10","319142000"
"449014","859441","455546","1982-06-03","944940000"
"193963","825987","381107","2014-10-29","593709000"
"522487","312794","578916","2003-09-27","186416000"
"333283","771827","774537","1970-06-12","376372000"
"920089","248743","101980","1987-03-26","652455000"
"301956","540330","368816","2009-07-03","521788000"
"355051","179261","589353","1989-07-06","968274000"
"596915","642331","128114","2014-07-15","239525000"
"155561","687163","242303","1980-05-12","55432000"
"978949","449778","233287","2020-03-21","32567000"
"296554","483327","548238","2001-10-21","683239000"
"229132","527000","107774","2010-04-01","806637000"
"296624","905016","940968","2001-08-15","519155000"
"701505","417502","706116","2018-09-25","999348000"
"254015","360863","256447","1972-10-12","278962000"
"520189","838777","850831","2005-12-07","267378000"
"582172","374942","970315","1991-12-26","619975000"
"687035","908069","164544","1981-05-27","163871000"
"846213","990542","301582","2005-05-11","4033000"
"466611","401122","370498","1985-12-16","110160000"
"540528","509748","829538","1984-02-27","700031000"
"974096","523344","645718","1970-02-15","9565000"
"289517","423204","296761","1973-09-20","458347000"
"362501","218486","524981","1997-02-02","977382000"
"263597","373544","996076","1992-01-06","38300000"
"358109","797363","420123","1991-09-14","600333000"
"572617","285709","132468","2020-03-24","429727000"
"899655","702301","223096","2001-07-16","909955000"
"354046","111309","743573","2007-02-15","903359000"
"971406","362273","538997","2006-01-27","810861000"
"240185","275734","798884","1987-08-05","967552000"
"925443","310887","815009","1991-05-25","381643000"
"905107","720112","504688","2003-02-24","992170000"
"471363","185348","812381","1981-09-21","127000000"
"715175","678087","896915","1988-12-23","72591000"
"467297","735167","927682","1998-05-22","220235000"
"515151","176029","549551","1987-11-18","367527000"
"131465","904861","588317","1998-05-06","644410000"
"669600","951752","513196","1995-11-16","771238000"
"672087","836511","623310","1997-06-26","560459000"
"251381","151771","222755","2012-01-15","706183000"
"373544","915421","303828","2020-02-08","323516000"
"500322","494263","413763","1973-06-18","540035000"
"634256","234220","537065","2014-06-04","295935000"
"151347","827286","993481","1999-09-11","615071000"
"516330","373182","659930","1976-05-27","867983000"
"186513","527019","965152","1990-04-03","895850000"
"994417","686468","406498","2003-06-25","193342000"
"433083","322509","680685","1970-06-03","450687000"
"405169","140503","983506","2004-02-17","696450000"
"235167","120793","908284","2006-07-12","887751000"
"601612","503579","900554","1977-07-25","648314000"
"593308","130493","966977","1986-09-19","734545000"
"860030","230353","129550","1995-12-16","929707000"
"530299","584374","268432","1984-12-05","416210000"
"318516","721731","353304","2016-01-02","705932000"
"630671","624934","668610","1981-06-01","997987000"
"597365","256530","434915","2014-07-22","413468000"
"894811","655425","597748","2009-10-10","987688000"
"910764","616955","282780","2005-10-03","660393000"
"941015","930323","399632","1970-03-01","490363000"
"785206","364229","414059","1988-12-03","882581000"
"519912","186632","829984","1971-01-28","998456000"
"929310","988420","211464","2007-01-04","267726000"
"809502","627167","950317","1980-11-14","952365000"
"578058","920441","970291","1992-06-19","970083000"
"320280","466676","772921","1988-06-18","529422000"
"508514","465710","463646","1973-01-23","631878000"
"139450","834907","490441","2005-06-09","337427000"
"753243","360231","417904","2000-05-04","714683000"
"182091","337923","675005","2000-07-16","518699000"
"876186","838355","496108","1985-01-10","826860000"
"143541","455050","599098","2007-02-16","459504000"
"171261","479592","101976","2002-08-31","276122000"
"982861","601703","442886","2012-03-19","339213000"
"848750","785065","853274","2013-12-23","262733000"
"373578","596168","158081","1979-11-30","566582000"
"577394","899051","696598","1985-09-08","712970000"
"740762","738917","783556","2009-10-12","217483000"
"613930","104983","646927","1990-11-22","28384000"
"496271","606187","879790","1986-02-26","224950000"
"610239","119844","854831","1987-11-02","743535000"
"774391","298713","543112","1980-05-09","179322000"
"344903","613630","336854","2009-05-24","313706000"
"395057","799697","232560","2000-11-18","987536000"
"500899","709984","779631","1981-12-18","774043000"
"503485","648231","693548","1972-08-02","377203000"
"847478","329170","817957","2012-10-10","323126000"
"243268","489795","632042","2013-11-24","746643000"
"166786","866202","752503","1983-03-30","14804000"
"604123","123883","718340","1971-05-08","568146000"
"970678","310591","176497","2007-09-25","803179000"
"184741","276548","646257","2012-07-25","770684000"
"224626","424139","586675","1990-03-06","538060000"
"829284","195589","270064","1981-01-15","348279000"
"527834","379283","888151","2012-08-23","243086000"
"800378","263007","532026","2009-03-13","690884000"
"464724","153885","888492","1993-06-11","705462000"
"849649","169237","652583","1982-08-23","878823000"
"984849","413939","722417","1980-01-13","102002000"
"687901","249189","344038","1998-08-22","816874000"
"155740","812332","572442","2014-07-30","113099000"
"501342","594779","376701","2014-12-25","784212000"
"134792","667244","727040","1987-04-10","16254000"
"587590","237512","834978","1982-11-06","887161000"
"375403","162832","759937","1973-05-11","452213000"
"159876","329196","480185","1995-04-23","585726000"
"337318","671125","168230","1986-01-20","732786000"
"533248","625859","349218","2004-12-29","12393000"
"995721","718224","764971","1994-05-15","165994000"
"884606","649555","951833","1978-09-12","232735000"
"417219","636189","218389","2015-01-05","353058000"
"357730","404832","273281","2015-01-11","524012000"
"806634","586510","627261","1999-09-15","419285000"
"930185","292887","595724","2012-12-20","278337000"
"241213","708697","171923","2015-08-05","502232000"
"173618","940574","403401","2006-12-18","335571000"
"291656","808825","238899","1999-01-04","813447000"
"686391","268532","827886","1997-03-19","851929000"
"440739","452214","399564","1991-12-06","113530000"
"447297","736472","214118","2008-01-23","177766000"
"206056","245863","232431","1971-03-27","554879000"
"272464","880465","275198","1991-07-16","38939000"
"901782","919558","993056","2004-03-15","220054000"
"722143","939333","685031","2014-09-30","606552000"
"977261","995432","419812","1976-05-23","561050000"
"368962","957451","424206","1990-10-17","117521000"
"263567","740467","287634","1995-07-13","321369000"
"532308","216864","297394","2015-06-21","586069000"
"146298","310844","826610","1973-07-06","80977000"
"170823","213778","200737","2020-02-10","723543000"
"475993","845010","593089","2018-07-14","874786000"
"852558","712022","133644","1972-06-01","489371000"
"871513","513148","232009","1975-07-14","885657000"
"957019","539511","704638","1977-03-30","737533000"
"178561","679876","205453","1983-02-12","348442000"
"758808","508582","261315","2000-01-06","913373000"
"339824","595992","516599","1986-10-13","673475000"
"459032","702574","561727","1994-03-13","597878000"
"274306","757485","829722","1978-03-16","864141000"
"200627","667813","449036","2006-08-07","991041000"
"276184","986630","764001","1970-11-13","722616000"
"690752","252728","890407","1994-10-03","205131000"
"169641","796636","641434","2009-05-25","882579000"
"839612","277519","403445","1999-09-09","431525000"
"590603","225656","988431","2020-01-20","970181000"
"349619","772598","970798","1974-07-11","531798000"
"206647","559445","905554","2008-04-08","816436000"
"111206","244048","111156","2019-10-09","642913000"
"802038","193093","259142","1999-07-16","186677000"
"134341","725162","738669","1991-01-14","886391000"
"793958","326057","180460","2009-10-01","277945000"
"497736","501808","266826","1986-08-07","154901000"
"945171","784715","866288","2015-07-05","23027000"
"531546","271687","342121","1985-03-03","33285000"
"770857","587094","653117","2017-09-23","712747000"
"759303","992868","198738","2014-04-24","238798000"
"534805","518204","545951","2000-07-22","220993000"
"602929","141391","172079","1971-11-12","782605000"
"864856","646328","119285","2012-06-29","53274000"
"576746","259858","109679","2001-11-30","308902000"
"670660","393911","586074","2002-07-01","582148000"
"521834","381068","432188","1985-04-20","571188000"
"600218","716986","193374","1970-11-05","172059000"
"110448","847674","506148","1996-01-14","40421000"
"730444","203993","211806","2000-01-09","401549000"
"339527","491210","477105","1979-05-30","828827000"
"992710","614982","604579","1998-12-11","43475000"
"310476","403997","474684","2004-05-19","318504000"
"347952","174066","849197","1997-12-25","822964000"
"719166","705972","526625","2019-08-25","918700000"
"864156","332988","731484","2006-04-30","512739000"
"354121","103021","476013","1980-10-23","702702000"
"631839","260507","550397","1977-02-08","255856000"
"496014","304232","280592","2007-08-11","811460000"
"831058","269071","918692","1975-11-24","628751000"
"141737","582030","813259","1979-10-07","38554000"
"937112","947047","438812","1975-04-12","858191000"
"433815","210514","865737","2003-09-29","466941000"
"344682","399570","794355","2013-05-09","896838000"
"231151","458660","383923","2009-08-20","300046000"
"867624","258403","397125","1971-03-24","74820000"
"694912","340899","283558","2015-10-05","587916000"
"793888","482557","941085","1995-11-10","394751000"
"616405","516668","442206","1985-02-20","264949000"
"359295","604836","651100","1984-04-07","188283000"
"414748","378486","709988","2020-03-23","514113000"
"914702","514566","215818","2020-06-12","725864000"
"148665","814745","613292","1997-07-05","198412000"
"793583","407687","978596","2010-03-25","174910000"
"713626","364229","939577","2020-02-08","263853000"
"565415","208295","294196","1991-11-28","235874000"
"783049","297075","812170","2012-12-23","32698000"
"652319","641082","224855","2008-05-24","240825000"
"163129","783398","435026","1998-09-14","729697000"
"278703","472628","765388","1996-02-09","895138000"
"516633","139813","287580","1972-11-22","665042000"
"423090","603244","549294","1981-08-10","185944000"
"220071","554041","676960","1971-02-21","499159000"
"484557","913922","441557","1993-07-15","20294000"
"576127","869753","538704","1992-09-18","656826000"
"462037","838970","221383","1979-02-24","119590000"
"246192","603020","435594","1984-12-26","744152000"
"389039","330115","721523","1999-09-14","204784000"
"705930","578163","274660","2018-07-06","24159000"
"519908","601000","698472","1981-04-09","236176000"
"222411","314726","857421","2008-06-11","276638000"
"383760","431426","628088","2010-04-19","968520000"
"103481","685365","623011","1995-11-08","241961000"
"968570","916459","367865","2011-03-18","44536000"
"656849","516633","312455","2006-09-28","5915000"
"561833","349490","632608","2005-07-22","429765000"
"618939","142800","335275","2010-08-05","709125000"
"218815","597334","373813","1994-02-07","24623000"
"886798","327765","172462","2003-10-10","67194000"
"553984","779106","284793","2011-11-14","582657000"
"513497","667414","465487","2011-01-02","662362000"
"656905","706181","394106","2014-12-18","660491000"
"613351","855406","529595","2014-09-29","578490000"
"424627","658452","720563","1990-02-15","879175000"
"361287","896817","557120","1987-11-02","243693000"
"667193","880216","294551","2010-05-30","63204000"
"753478","582710","320453","1984-06-01","275603000"
"597515","910223","694621","1998-10-17","154881000"
"997949","805669","571465","1994-12-03","953009000"
"493118","675813","532261","1997-07-26","610146000"
"123291","322531","999724","2014-02-10","492032000"
"349464","427314","715889","2019-05-02","146174000"
"806610","924282","128721","1987-09-26","199705000"
"884941","487224","763556","1973-05-06","222599000"
"934605","796471","761733","1984-03-30","65403000"
"270626","432332","226890","2011-09-14","9635000"
"321474","654025","328397","1999-04-17","906462000"
"176274","819055","475172","1971-09-07","764000"
"707043","804014","776434","2011-04-29","665104000"
"163582","415010","193855","2005-04-18","770850000"
"373982","374088","617051","2019-04-25","806066000"
"216119","569951","875525","1976-03-07","87308000"
"101935","149833","765449","2021-01-01","384974000"
"911342","599966","393074","2020-05-06","535605000"
"895600","981952","427920","2011-10-28","218835000"
"361395","795792","912252","2018-03-31","389246000"
"292887","753897","133196","1983-02-23","593339000"
"786337","305462","930889","1989-06-08","310435000"
"412047","116840","281114","2007-08-13","793198000"
"555816","485920","164630","1988-07-08","229928000"
"494709","519191","874040","1989-01-10","789068000"
"836875","712821","361392","2003-12-11","543879000"
"724688","383654","363041","2004-09-10","80349000"
"647118","580825","449267","1992-01-10","311919000"
"239363","255855","761011","2005-08-08","501001000"
"617707","527436","627996","1998-07-21","523085000"
"185251","758758","985000","2010-03-16","652793000"
"776134","443673","303202","1989-01-16","650053000"
"427597","995226","535990","2016-06-17","974696000"
"739190","559616","955255","2010-04-27","326676000"
"574623","953444","233077","2001-08-28","929863000"
"376349","417582","426493","2004-03-07","403631000"
"367478","268118","976590","2003-05-11","734174000"
"840712","254573","960876","1993-09-04","675941000"
"954763","924915","391664","1973-02-03","145174000"
"424372","846432","109413","1983-02-24","665833000"
"436027","890799","684789","2010-07-25","856448000"
"455338","114752","392202","1988-11-03","301468000"
"684752","701000","253292","2008-07-08","951693000"
"952593","894297","706294","2002-07-02","263637000"
"976240","579886","967397","2008-09-11","401234000"
"716611","460362","543259","2005-08-24","429943000"
"156104","672582","781923","2002-12-05","496143000"
"602297","390344","497255","1986-11-21","215545000"
"331454","640925","663768","1982-01-13","723191000"
"610136","240904","156533","1975-11-25","624504000"
"806215","183734","899222","2003-06-26","147035000"
"649255","801057","779233","2001-12-31","542286000"
"842417","375002","154218","2012-06-02","711016000"
"500757","975783","173838","2001-01-30","295989000"
"190725","757640","996030","1989-05-01","888891000"
"378653","344903","819071","2018-04-02","755707000"
"240036","219624","622210","2002-08-24","870782000"
"786422","176779","754448","1991-02-05","931956000"
"177218","952651","828008","1997-01-11","995069000"
"758695","583744","255040","1970-05-26","709883000"
"737297","147999","232893","1993-04-14","578020000"
"772633","129534","499165","1994-04-10","386000000"
"943263","678209","786141","2020-06-19","820668000"
"219943","837834","233358","2016-12-15","885070000"
"584863","484557","278166","1990-12-03","618302000"
"114040","440067","878545","2001-12-30","650568000"
"956641","878315","761314","2019-06-24","840569000"
"382995","518204","573318","2010-05-28","488495000"
"449191","488231","739760","2015-11-19","156530000"
"110667","769166","510495","2008-05-22","957885000"
"807524","444550","409230","2008-12-19","317119000"
"760369","855410","285474","1980-04-02","536436000"
"533833","390344","571095","2013-02-05","821580000"
"496162","790657","311157","1986-08-28","945790000"
"630392","855679","975722","2001-03-16","14650000"
"813140","194289","690065","1983-10-14","77605000"
"481950","987466","812804","1976-04-04","374094000"
"513732","291615","557293","2009-03-15","161835000"
"248451","966411","448511","2011-03-22","376297000"
"137476","877510","107394","1984-05-04","898907000"
"710876","945415","997056","1970-10-01","997630000"
"575853","271171","450699","2009-04-10","346257000"
"813957","210297","817714","2017-11-18","411428000"
"758855","589702","711655","1997-01-17","24365000"
"417219","424627","922632","1970-04-24","210416000"
"309275","645922","573041","1978-05-09","895252000"
"179175","124149","550626","1998-04-17","54683000"
"877492","217653","299400","2016-09-23","665323000"
"599195","864868","671648","1996-12-03","855681000"
"443056","827512","275243","2000-03-24","824140000"
"111948","423069","562801","2003-10-09","833820000"
"358109","596325","924620","1994-09-21","626250000"
"947819","389280","668192","2009-06-29","874056000"
"181934","792428","193270","1975-01-05","897325000"
"212889","984732","457848","2020-10-24","458641000"
"598510","791738","856106","1997-09-10","536564000"
"769821","596776","798415","1993-11-08","852618000"
"630145","436861","733837","2005-07-06","872775000"
"475681","858047","455552","2018-08-19","8827000"
"692813","792461","329174","2014-03-19","361962000"
"880415","827301","527158","2016-08-23","730652000"
"794372","182000","649681","1984-03-30","489980000"
"595992","310361","545267","2014-03-24","25607000"
"360133","639897","828135","2013-04-17","138049000"
"150074","662310","657842","1997-09-09","456488000"
"265036","849649","502179","2013-06-06","797726000"
"104509","512448","624369","1996-04-07","416207000"
"492855","558122","640265","1989-10-31","470882000"
"399916","190912","969249","2016-01-18","449293000"
"775887","110805","322000","2017-03-21","241746000"
"181687","751655","923635","2011-06-03","971786000"
"703914","819693","529837","2000-04-05","959590000"
"535619","150407","311710","1981-05-29","138453000"
"776018","275396","398561","1987-11-17","486565000"
"165728","756346","683978","1983-12-27","803794000"
"385919","151771","685503","1986-05-30","760341000"
"768456","785171","650463","2020-07-19","805961000"
"591704","102012","554999","1990-04-09","194647000"
"663666","984158","473755","2017-07-13","275419000"
"279123","468139","900548","1988-07-19","748731000"
"548117","165098","918549","2009-11-02","258787000"
"240846","419701","259647","1974-06-17","941176000"
"528484","212528","311711","1985-12-03","198645000"
"740823","818401","813990","1991-11-14","14572000"
"536934","717848","448401","1980-02-13","773333000"
"736534","310719","333451","2008-03-03","402847000"
"896356","681637","895264","1984-06-05","717711000"
"373685","500652","641799","1993-05-21","484132000"
"140320","852969","175711","1995-05-28","246082000"
"866959","222109","350247","1981-07-20","87669000"
"856721","763039","754353","2008-07-11","967780000"
"959928","155073","453638","1983-11-08","199510000"
"242577","537873","575587","2004-07-29","739890000"
"643981","245203","312140","2009-02-26","176467000"
"744556","168064","789704","1988-09-25","462393000"
"918716","691123","292193","2001-09-12","750253000"
"349511","268532","184207","1974-01-15","305514000"
"326063","994295","970729","2010-02-04","534010000"
"672752","957170","479320","1975-01-13","926011000"
"302409","900770","871935","2017-01-08","855465000"
"999819","217503","240217","1980-08-03","861468000"
"252862","364689","957968","2014-09-26","657449000"
"197948","248830","150872","1980-02-23","11087000"
"351334","171595","305631","1983-07-20","506010000"
"762321","901648","139030","1974-10-03","597023000"
"812275","415926","452424","2015-05-07","280382000"
"721228","399805","843856","1984-08-16","220336000"
"857261","261351","136479","2010-03-18","784263000"
"292395","848443","257694","1990-08-01","995763000"
"471130","267522","204614","1978-11-20","90647000"
"599015","605614","906772","1996-04-16","239264000"
"228144","749173","652291","2009-05-31","147445000"
"505371","468427","236997","1986-11-21","80695000"
"393561","605389","431485","1985-10-27","352686000"
"827862","667466","174617","2007-10-09","958622000"
"213029","667466","324805","2008-02-06","736466000"
"439733","670225","997360","2004-05-14","86675000"
"432265","175594","186693","1978-08-07","171363000"
"296259","997373","702447","1976-01-29","830563000"
"341266","305614","106038","2019-01-25","498227000"
"919093","366906","238130","1977-02-12","899254000"
"652928","185543","631185","1973-03-05","817621000"
"817497","510268","320494","2016-08-05","776060000"
"162724","387970","273515","1988-11-03","584523000"
"983751","917211","521747","1994-04-11","490108000"
"764533","961112","112854","2011-01-29","565539000"
"100220","388372","797609","1972-03-06","324472000"
"674436","143849","982328","2006-10-04","97251000"
"621305","509652","599417","1972-05-17","170832000"
"474107","697768","431486","1982-02-06","101891000"
"225159","359141","882802","1975-10-23","379734000"
"728181","110574","609479","2014-02-02","214613000"
"960757","354696","997582","1993-12-16","645169000"
"472478","216519","327005","2016-01-29","598710000"
"185383","368840","298720","2001-02-18","471760000"
"603079","285742","531290","1993-03-06","408078000"
"578291","571097","130960","1993-01-06","539239000"
"912135","436247","261393","2015-12-31","641131000"
"155682","966123","895726","1976-07-14","279318000"
"571554","975150","676934","1978-06-09","129435000"
"482237","495116","670221","1982-06-12","502281000"
"459726","559700","478057","2006-09-23","380301000"
"271428","865467","543339","1992-01-02","806589000"
"917602","176599","851759","1980-07-09","696052000"
"350299","710007","995565","1978-09-24","69761000"
"483280","392317","543890","1989-03-21","341443000"
"604673","285356","763901","1970-08-18","135183000"
"695553","198980","484476","1982-01-25","517618000"
"729957","548942","450387","2005-04-03","744705000"
"592363","407959","631636","2014-03-22","887915000"
"534104","524076","834487","2012-08-12","448084000"
"141841","398583","361396","2005-03-23","845108000"
"628389","447652","494807","1982-11-24","967599000"
"766363","337754","121359","1975-03-31","850286000"
"466318","996037","643222","2017-09-25","722885000"
"935819","672420","400781","2020-09-24","515904000"
"618307","488748","287662","2006-12-05","862698000"
"475704","953535","100721","1998-01-26","158068000"
"564030","338009","165577","2010-10-14","141870000"
"174887","487498","545675","1972-07-22","528315000"
"285276","875335","713129","1985-04-10","318198000"
"338913","692281","242079","1990-10-23","511668000"
"288380","125323","107687","2002-08-01","390105000"
"469963","958345","169352","1989-09-04","133798000"
"747564","414259","812191","1993-03-06","682394000"
"138817","859805","250222","1973-08-21","926114000"
"968184","787636","190268","2010-04-23","745117000"
"639710","996374","357989","2000-01-28","758554000"
"896815","225709","270577","1972-07-17","812353000"
"963436","633524","978302","1989-09-16","299178000"
"260699","646468","856190","1994-03-17","876577000"
"846692","641281","289242","1985-01-22","529272000"
"609939","890371","879415","1970-08-01","210354000"
"119716","539751","351260","1994-06-24","890975000"
"878050","356690","549718","2008-06-12","510832000"
"895662","194117","792357","2005-04-07","367620000"
"307875","707663","126176","1999-10-20","984011000"
"784315","748567","829163","1986-06-29","391038000"
"481119","636438","649229","1974-07-16","427240000"
"438051","561729","533083","1985-07-16","272837000"
"913060","257347","118081","2013-02-14","433683000"
"755566","590382","607613","1995-01-03","503747000"
"785799","346688","987647","1990-11-08","73054000"
"564501","904247","119719","2017-07-19","250349000"
"150374","198636","745308","1977-03-14","953396000"
"297430","238995","520150","1992-05-21","40910000"
"827361","275482","689600","2002-05-20","33910000"
"544151","396545","436942","2009-01-11","750271000"
"211383","907495","537974","1999-02-16","57207000"
"404832","231932","725446","1973-04-19","131344000"
"223776","329293","457415","1975-01-22","855658000"
"453006","408528","471192","2008-01-21","483276000"
"986630","252943","801348","1997-11-15","831774000"
"432129","483062","562872","1971-10-06","325251000"
"943231","690543","170397","1979-02-08","147737000"
"903793","332159","742930","1989-07-15","442411000"
"266645","994718","841462","1986-11-21","674262000"
"337440","900759","939249","1988-09-01","998694000"
"569503","921097","910081","2003-06-12","529644000"
"567511","412382","554059","2019-12-18","699799000"
"230198","650802","222431","2007-02-01","365265000"
"289321","357516","318714","1980-01-04","457124000"
"402134","649755","474631","2014-12-30","528585000"
"986786","136080","791005","1984-12-13","597965000"
"364229","303359","454950","2017-05-03","801410000"
"150372","286989","899976","1982-12-23","823783000"
"894597","999512","204643","2012-08-10","579180000"
"565375","486113","255962","2019-01-23","470243000"
"710570","279831","611999","2012-03-03","427054000"
"379570","430718","745519","2004-04-14","134314000"
"375937","898318","355903","2012-10-24","73967000"
"310023","952548","240419","2013-05-02","641255000"
"299561","363689","254282","2003-02-13","479702000"
"153874","594466","822964","2011-07-29","172947000"
"645208","270954","256848","2009-08-08","160542000"
"230153","585854","683172","1984-04-26","560451000"
"746995","688292","756942","2020-08-14","570030000"
"215094","476964","214122","2009-07-02","52930000"
"263177","585403","633636","1975-10-01","867927000"
"599698","457015","667316","2011-11-26","657539000"
"654416","508786","226764","2001-12-21","510407000"
"932206","870634","950052","2017-10-23","344834000"
"563728","222070","144728","2003-03-08","942099000"
"169604","662648","901745","1999-03-21","646389000"
"333708","896059","375044","1971-07-11","27089000"
"493478","463061","451042","2020-05-11","943819000"
"693876","895704","722427","1998-12-22","47380000"
"305279","771827","313968","1997-02-04","907235000"
"409694","875220","904248","2010-02-10","476977000"
"342491","624746","327626","1983-10-27","803765000"
"854027","933873","151969","1989-02-16","86626000"
"451810","584853","565692","2019-11-23","517613000"
"139158","637505","560412","2013-06-29","300449000"
"505778","750632","994738","1980-07-29","231333000"
"224637","757085","341326","1995-02-09","541785000"
"200003","535188","321588","1973-03-25","937116000"
"736062","327651","866309","2018-01-04","441950000"
"605470","928461","564868","2010-12-24","248833000"
"524546","237406","818171","1985-06-15","145365000"
"134171","476488","367476","1972-09-26","106399000"
"114841","707043","213316","2004-11-05","804130000"
"437208","725791","115300","2012-05-15","55846000"
"715054","984067","987312","1982-05-26","329718000"
"816115","401622","267237","1999-12-03","953318000"
"468815","254573","823972","1989-06-22","820993000"
"253041","176182","861613","1983-09-05","305041000"
"114397","734360","980224","2003-05-29","164284000"
"566395","635254","280861","2018-05-05","450782000"
"700288","617790","262252","2017-11-05","890656000"
"505422","237470","451390","1999-02-19","620957000"
"319958","953275","645369","1977-08-12","11786000"
"786094","197278","924410","2017-11-23","972027000"
"296617","712244","744699","2002-01-26","392543000"
"357854","751702","939426","2000-08-11","937733000"
